{"cameraMode":{"drawMode":0,"name":"Shaded","section":"Shading Mode"},"sceneLighting":true,"audioPlay":false,"sceneViewState":{"m_AlwaysRefresh":false,"showFog":true,"showSkybox":true,"showFlares":true,"showImageEffects":true,"showParticleSystems":true,"showVisualEffectGraphs":true,"m_FxEnabled":true},"in2DMode":false,"pivot":{"x":2.2338366508483888,"y":1.8219937086105347,"z":-10.825020790100098},"rotation":{"x":-0.10405337810516358,"y":0.2582501769065857,"z":-0.028181517496705056,"w":-0.9601383805274963},"size":0.9887053370475769,"orthographic":false}