{"cameraMode":{"drawMode":0,"name":"Shaded","section":"Shading Mode"},"sceneLighting":true,"audioPlay":false,"sceneViewState":{"m_AlwaysRefresh":false,"showFog":true,"showSkybox":true,"showFlares":true,"showImageEffects":true,"showParticleSystems":true,"showVisualEffectGraphs":true,"m_FxEnabled":true},"in2DMode":false,"pivot":{"x":1.6813452243804932,"y":1.2211291790008546,"z":-2.4145185947418215},"rotation":{"x":0.11847170442342758,"y":-0.3588135838508606,"z":0.046208806335926059,"w":0.9247947335243225},"size":0.9116503000259399,"orthographic":false}