{"cameraMode":{"drawMode":0,"name":"Shaded","section":"Shading Mode"},"sceneLighting":false,"audioPlay":false,"sceneViewState":{"m_AlwaysRefresh":false,"showFog":true,"showSkybox":false,"showFlares":true,"showImageEffects":true,"showParticleSystems":true,"showVisualEffectGraphs":true,"m_FxEnabled":true},"in2DMode":false,"pivot":{"x":1.31564199924469,"y":-0.5998693704605103,"z":-3.8810172080993654},"rotation":{"x":-0.019942721351981164,"y":-0.9665811061859131,"z":0.07842057943344116,"w":-0.24354754388332368},"size":3.4491631984710695,"orthographic":false}